{
    "$schema": "https://schema.management.azure.com/schemas/2015-01-01/deploymentParameters.json#",
    "contentVersion": "1.0.0.0",
    "parameters": {
        "administratorLogin": {
            "value": "logadmin"
        },
        "administratorLoginPassword": {
            "value": null
        },
        "databaseName": {
            "value": "logwarehouse"
        },
        "skuName": {
            "value": "DW100c"
        },
        "location": {
            "value": "southcentralus"
        },
        "serverName": {
            "value": "synapsecoolpool"
        },
        "version": {
            "value": "12.0"
        },
        "collation": {
            "value": "SQL_Latin1_General_CP1_CI_AS"
        },
        "databaseTags": {
            "value": {}
        },
        "serverTags": {
            "value": {}
        },
        "enableADS": {
            "value": false
        },
        "enableVA": {
            "value": false
        },
        "allowAzureIps": {
            "value": true
        },
        "allowClientIp": {
            "value": true
        },
        "clientIpRuleName": {
            "value": ""
        },
        "clientIpValue": {
            "value": ""
        },
        "enablePrivateEndpoint": {
            "value": false
        },
        "privateEndpointNestedTemplateId": {
            "value": "pe-afeefdd8-8e59-4a4d-8afa-23b03645700d"
        },
        "privateEndpointSubscriptionId": {
            "value": ""
        },
        "privateEndpointResourceGroup": {
            "value": ""
        },
        "privateEndpointName": {
            "value": ""
        },
        "privateEndpointLocation": {
            "value": ""
        },
        "privateLinkServiceName": {
            "value": ""
        },
        "privateLinkServiceServiceId": {
            "value": ""
        },
        "privateEndpointVnetSubscriptionId": {
            "value": ""
        },
        "privateEndpointVnetResourceGroup": {
            "value": ""
        },
        "privateEndpointVnetName": {
            "value": ""
        },
        "privateEndpointSubnetName": {
            "value": ""
        },
        "enablePrivateDnsZone": {
            "value": true
        },
        "privateEndpointDnsRecordUniqueId": {
            "value": ""
        },
        "privateEndpointTemplateLink": {
            "value": "https://sqlazureextension.hosting.portal.azure.net/sqlazureextension/Content/2.1.0129748/DeploymentTemplates/PrivateEndpoint.json"
        },
        "privateDnsForPrivateEndpointTemplateLink": {
            "value": "https://sqlazureextension.hosting.portal.azure.net/sqlazureextension/Content/2.1.0129748/DeploymentTemplates/PrivateDnsForPrivateEndpoint.json"
        },
        "privateDnsForPrivateEndpointNicTemplateLink": {
            "value": "https://sqlazureextension.hosting.portal.azure.net/sqlazureextension/Content/2.1.0129748/DeploymentTemplates/PrivateDnsForPrivateEndpointNic.json"
        },
        "privateDnsForPrivateEndpointIpConfigTemplateLink": {
            "value": "https://sqlazureextension.hosting.portal.azure.net/sqlazureextension/Content/2.1.0129748/DeploymentTemplates/PrivateDnsForPrivateEndpointIpConfig.json"
        }
    }
}