{
    "$schema": "https://schema.management.azure.com/schemas/2015-01-01/deploymentParameters.json#",
    "contentVersion": "1.0.0.0",
    "parameters": {
        "location": {
            "value": "southcentralus"
        },
        "storageAccountName": {
            "value": "allthelogdata"
        },
        "accountType": {
            "value": "Standard_RAGRS"
        },
        "kind": {
            "value": "StorageV2"
        },
        "accessTier": {
            "value": "Hot"
        },
        "minimumTlsVersion": {
            "value": "TLS1_0"
        },
        "supportsHttpsTrafficOnly": {
            "value": true
        },
        "allowBlobPublicAccess": {
            "value": true
        },
        "networkAclsBypass": {
            "value": "AzureServices"
        },
        "networkAclsDefaultAction": {
            "value": "Allow"
        }
    }
}